<MenuConf xmlns:xsi="http://www.w3.org/2001/XMLSchema-instance" xsi:noNamespaceSchemaLocation="schema.xsd">
    <MenuEntries>
        <MenuEntry ID="menuId" EN="Menu ENG txt" ES="Menu txt in spanish"/>
        <MenuEntry ID="menuId2" EN="Precipitation" ES="Menu2 txt in spanish"/>
        <MenuEntry ID="menuId3" EN="US States" />
    </MenuEntries>
    <BackgroundLayers BBOX="-180,90,-90,180" server="http://viewer.coaps.fsu.edu/geoserver/wms">
        <layer name="comm:pyrResult512" />
    </BackgroundLayers>
    <MainLayers BBOX="-180,90,-90,-180" server="http://viewer.coaps.fsu.edu/geoserver/wms" >  
        <layer Menu="test,geotifftest" name="se_clim:TotPrec2010Jan"  EN="Layer 1 Title: Precipitation" ES="ESP " />
    </MainLayers>
    <VectorLayers BBOX="-180,90,-90,180" server="http://viewer.coaps.fsu.edu/geoserver/wms"  vectorLayer="true"> 
        <layer Menu="menuId" name="comm:states" selected="true" />
    </VectorLayers>
</MenuConf>

