<MenuConf xmlns:xsi="..." xsi:noNamespaceSchemaLocation="schema.xsd">
  <MenuEntries>
    <MenuEntry ID="2013" EN="2013" ES="2013"/>
    <MenuEntry ID="omodel" EN="Ocean models" ES="Modelos oceano"/>
    <MenuEntry ID="hycom" EN="HYCOM" ES="HYCOM"/>
    <MenuEntry ID="Temp" EN="Temperature" ES="Temperatura"/>
    <MenuEntry ID="Salinity" EN="Salinity" ES="Salinidad"/>
    <MenuEntry ID="SeaElev" EN="Elevation" ES="Elevacion"/>
    <MenuEntry ID="SeaVel" EN="Velocity" ES="Velocidad"/>
  </MenuEntries>
    
  <MainLayers BBOX="-98.0,18.091,-76.40,31.960" 
        format="image/gif"  server=".../ncWMS/wms"
        ncWMS="true" mincolor="13" maxcolor="34">  
    <layer Menu="omodel,hycom,2013,Temp" 
        name="hycom2013/temperature"  
        EN="... Temperature 2013" 
        ES="... Temperatura 2013">
    <layer Menu="omodel,hycom,2013,SeaVel" style="vector" 
        name="hycom2013/sea_water_velocity" 
        EN="... Sea water velocity 2013" 
        ES="...Velocidad 2013"/>
    <layer Menu="omodel,hycom,2013,SeaElev" 
        name="hycom2013/ssh"
        EN="... Sea Surface Elevation 2013" 
        ES="... Elevacion superficial del mar 2013"/>
    <layer Menu="omodel,hycom,2013,Salinity" 
        name="hycom2013/salinity"  
        EN="... Salinity 2013"
        ES="... Salinidad 2013"/>
  </MainLayers>
           
</MenuConf>
