<MenuConf xmlns:xsi="..." xsi:noNamespace="...">
  <Menus>
      <Menu ID="Id1" EN="Menu ENG txt" />
      <Menu ID="Id2" EN="Precipitation"/>
      <Menu ID="Id3" EN="US States" />
  </Menus>

  <BackgroundLayers server="http...">
      <layer name="bluemarble" />
  </BackgroundLayers>

  <MainLayers server="http..." >  
      <layer MenuIds="Id1,Id2" name="prec" EN="Title: Prec"/>
  </MainLayers>

  <OptionalLayers server="http..." > 
      <layer MenuIds="Id3" name="states" selected="true" />
  </OptionalLayers>
</MenuConf>

